[
  {
    "id": 1,
    "marca": "Ford",
    "modelo": "EcoSport",
    "anio": 2019,
    "precio": 4200000,
    "km": 60000,
    "descripcion": "SUV compacta en excelente estado, ideal para ciudad y ruta.",
    "destacado": true,
    "imagenes": [
      "https://source.unsplash.com/featured/600x400/?suv,ford"
    ]
  },
  {
    "id": 2,
    "marca": "Toyota",
    "modelo": "Corolla",
    "anio": 2018,
    "precio": 3800000,
    "km": 75000,
    "descripcion": "Sedán confortable con bajo consumo y excelente rendimiento.",
    "destacado": false,
    "imagenes": [
      "https://source.unsplash.com/featured/600x400/?sedan,toyota"
    ]
  },
  {
    "id": 3,
    "marca": "Volkswagen",
    "modelo": "Amarok",
    "anio": 2017,
    "precio": 5000000,
    "km": 90000,
    "descripcion": "Pickup potente ideal para trabajo y aventura.",
    "destacado": true,
    "imagenes": [
      "https://source.unsplash.com/featured/600x400/?pickup,volkswagen"
    ]
  },
  {
    "id": 4,
    "marca": "Peugeot",
    "modelo": "208",
    "anio": 2024,
    "precio": 8500000,
    "km": 0,
    "descripcion": "Hatchback versátil y moderno, con garantía de fábrica.",
    "destacado": false,
    "imagenes": [
      "https://source.unsplash.com/featured/600x400/?hatchback,peugeot"
    ]
  },
  {
    "id": 5,
    "marca": "Fiat",
    "modelo": "Cronos",
    "anio": 2025,
    "precio": 7800000,
    "km": 0,
    "descripcion": "Sedán nacional ideal para la familia y la ciudad.",
    "destacado": false,
    "imagenes": [
      "https://source.unsplash.com/featured/600x400/?sedan,fiat"
    ]
  },
  {
    "id": 6,
    "marca": "Ford",
    "modelo": "Maverick",
    "anio": 2025,
    "precio": 10500000,
    "km": 0,
    "descripcion": "Pickup híbrida con tecnología de punta y eficiencia excepcional.",
    "destacado": true,
    "imagenes": [
      "https://source.unsplash.com/featured/600x400/?pickup,ford"
    ]
  }
]